train_step,method,seed,current_difficulty,target_difficulty_steps,eval_difficulty,eval_mode,eval_rap,mean_reward,std_reward,win_rate,threshold_hit,stage_steps,stage_index
50000,curriculum,43,0,0,0,0,0.25,-21.0,0.0,0.0,0,50000,0
100000,curriculum,43,0,0,0,0,0.25,-21.0,0.0,0.0,0,100000,0
150000,curriculum,43,0,0,0,0,0.25,-21.0,0.0,0.0,0,150000,0
200000,curriculum,43,0,0,0,0,0.25,-20.2,0.4,0.0,0,200000,0
250000,curriculum,43,0,0,0,0,0.25,-21.0,0.0,0.0,0,250000,0
300000,curriculum,43,0,0,0,0,0.25,-21.0,0.0,0.0,0,300000,0
350000,curriculum,43,0,0,0,0,0.25,-20.4,0.4898979485566356,0.0,0,350000,0
400000,curriculum,43,0,0,0,0,0.25,-21.0,0.0,0.0,0,400000,0
450000,curriculum,43,0,0,0,0,0.25,-20.2,0.9797958971132712,0.0,0,450000,0
500000,curriculum,43,0,0,0,0,0.25,-14.0,5.347896782848375,0.0,0,500000,0
550000,curriculum,43,0,0,0,0,0.25,-15.9,3.5902646142032486,0.0,0,550000,0
600000,curriculum,43,0,0,0,0,0.25,-13.0,5.079370039680118,0.0,0,600000,0
650000,curriculum,43,0,0,0,0,0.25,-10.3,7.874642849044013,0.1,0,650000,0
700000,curriculum,43,0,0,0,0,0.25,-12.8,3.7094473981982814,0.0,0,700000,0
750000,curriculum,43,0,0,0,0,0.25,-14.5,5.200961449578338,0.0,0,750000,0
800000,curriculum,43,0,0,0,0,0.25,-1.9,5.3,0.4,0,800000,0
850000,curriculum,43,0,0,0,0,0.25,-2.4,5.76541412215983,0.4,0,850000,0
900000,curriculum,43,0,0,0,0,0.25,-2.5,6.946221994724902,0.4,0,900000,0
950000,curriculum,43,0,0,0,0,0.25,-1.5,3.2015621187164243,0.4,0,950000,0
1000000,curriculum,43,0,0,0,0,0.25,-5.2,4.749736834815167,0.2,0,1000000,0
1050000,curriculum,43,0,0,0,0,0.25,-1.7,6.466065264130885,0.5,0,1050000,0
1100000,curriculum,43,0,0,0,0,0.25,-3.9,7.4357245780085215,0.3,0,1100000,0
1150000,curriculum,43,0,0,0,0,0.25,-4.3,6.664082832618455,0.3,0,1150000,0
1200000,curriculum,43,0,0,0,0,0.25,-6.7,3.6891733491393435,0.1,0,1200000,0
1250000,curriculum,43,0,0,0,0,0.25,-5.0,4.242640687119285,0.2,0,1250000,0
1300000,curriculum,43,0,0,0,0,0.25,-4.4,6.135144660071187,0.2,0,1300000,0
1350000,curriculum,43,0,0,0,0,0.25,-3.8,6.63023378170031,0.3,0,1350000,0
1400000,curriculum,43,0,0,0,0,0.25,-3.1,4.548626166217664,0.3,0,1400000,0
1450000,curriculum,43,0,0,0,0,0.25,-5.4,6.343500610861482,0.2,0,1450000,0
1500000,curriculum,43,0,0,0,0,0.25,1.4,6.069596362197407,0.6,0,1500000,0
1550000,curriculum,43,0,0,0,0,0.25,-0.8,6.241794613730895,0.4,0,1550000,0
1600000,curriculum,43,0,0,0,0,0.25,0.3,4.960846701924985,0.4,0,1600000,0
1650000,curriculum,43,0,0,0,0,0.25,1.0,4.404543109109048,0.5,0,1650000,0
1700000,curriculum,43,0,0,0,0,0.25,-1.6,3.6660605559646715,0.4,0,1700000,0
1750000,curriculum,43,0,0,0,0,0.25,1.0,3.714835124201342,0.5,0,1750000,0
1800000,curriculum,43,0,0,0,0,0.25,0.1,7.258787777583803,0.4,0,1800000,0
1850000,curriculum,43,0,0,0,0,0.25,-2.1,4.867237409455183,0.4,0,1850000,0
1900000,curriculum,43,0,0,0,0,0.25,1.6,5.2,0.8,0,1900000,0
1950000,curriculum,43,0,0,0,0,0.25,2.9,4.887739763939975,0.7,0,1950000,0
2000000,curriculum,43,0,0,0,0,0.25,5.4,7.28285658241325,0.9,0,2000000,0
2050000,curriculum,43,0,0,0,0,0.25,-2.1,8.067837380611982,0.5,0,2050000,0
2100000,curriculum,43,0,0,0,0,0.25,3.6,5.902541825349482,0.7,0,2100000,0
2150000,curriculum,43,0,0,0,0,0.25,5.7,5.657738063926254,0.9,0,2150000,0
2200000,curriculum,43,0,0,0,0,0.25,0.3,4.337049688440288,0.4,0,2200000,0
2250000,curriculum,43,0,0,0,0,0.25,1.3,5.692978130996114,0.7,0,2250000,0
2300000,curriculum,43,0,0,0,0,0.25,3.5,7.459892760623306,0.6,0,2300000,0
2350000,curriculum,43,0,0,0,0,0.25,-0.9,6.7,0.4,0,2350000,0
2400000,curriculum,43,0,0,0,0,0.25,1.4,5.8,0.6,0,2400000,0
2450000,curriculum,43,0,0,0,0,0.25,3.5,7.269800547470337,0.7,0,2450000,0
2500000,curriculum,43,0,0,0,0,0.25,2.9,10.024470060806205,0.7,0,2500000,0
2550000,curriculum,43,0,0,0,0,0.25,5.5,5.5901699437494745,0.9,0,2550000,0
2600000,curriculum,43,0,0,0,0,0.25,3.6,6.135144660071187,0.8,0,2600000,0
2650000,curriculum,43,0,0,0,0,0.25,2.6,6.199999999999999,0.7,0,2650000,0
2700000,curriculum,43,0,0,0,0,0.25,8.2,3.1559467676119,1.0,0,2700000,0
2750000,curriculum,43,0,0,0,0,0.25,10.1,2.2561028345356955,1.0,0,2750000,0
2800000,curriculum,43,0,0,0,0,0.25,5.0,5.830951894845301,0.8,0,2800000,0
2850000,curriculum,43,0,0,0,0,0.25,4.0,3.847076812334269,0.9,0,2850000,0
2900000,curriculum,43,0,0,0,0,0.25,8.7,2.5317977802344322,1.0,0,2900000,0
2950000,curriculum,43,0,0,0,0,0.25,7.4,4.386342439892262,1.0,0,2950000,0
3000000,curriculum,43,0,0,0,0,0.25,6.2,3.789459064299283,0.9,0,3000000,0
3050000,curriculum,43,0,0,0,0,0.25,6.3,4.6701177715342475,0.9,0,3050000,0
3100000,curriculum,43,0,0,0,0,0.25,10.2,2.08806130178211,1.0,0,3100000,0
3150000,curriculum,43,0,0,0,0,0.25,9.1,4.27668095606862,1.0,0,3150000,0
3200000,curriculum,43,0,0,0,0,0.25,3.5,5.024937810560445,0.7,0,3200000,0
3250000,curriculum,43,0,0,0,0,0.25,4.8,4.812483766206387,0.9,0,3250000,0
3300000,curriculum,43,0,0,0,0,0.25,9.1,4.011234224026316,1.0,0,3300000,0
3350000,curriculum,43,0,0,0,0,0.25,8.7,4.583666654546335,1.0,0,3350000,0
3400000,curriculum,43,0,0,0,0,0.25,8.7,2.570992026436488,1.0,0,3400000,0
3450000,curriculum,43,0,0,0,0,0.25,8.5,3.721558813185679,1.0,0,3450000,0
3500000,curriculum,43,0,0,0,0,0.25,12.5,2.9748949561287032,1.0,0,3500000,0
3550000,curriculum,43,0,0,0,0,0.25,9.5,4.104875150354759,1.0,0,3550000,0
3600000,curriculum,43,0,0,0,0,0.25,9.9,3.3301651610693423,1.0,0,3600000,0
3650000,curriculum,43,0,0,0,0,0.25,9.5,4.05585995813465,1.0,0,3650000,0
3700000,curriculum,43,0,0,0,0,0.25,9.0,3.3763886032268267,1.0,0,3700000,0
3750000,curriculum,43,0,0,0,0,0.25,10.6,4.004996878900157,1.0,0,3750000,0
3800000,curriculum,43,0,0,0,0,0.25,8.5,2.5787593916455256,1.0,0,3800000,0
3850000,curriculum,43,0,0,0,0,0.25,9.4,5.2,0.9,0,3850000,0
3900000,curriculum,43,0,0,0,0,0.25,9.5,4.522167621838006,1.0,0,3900000,0
3950000,curriculum,43,0,0,0,0,0.25,7.1,4.968903299521938,0.9,0,3950000,0
4000000,curriculum,43,0,0,0,0,0.25,10.5,2.1563858652847827,1.0,0,4000000,0
4050000,curriculum,43,0,0,0,0,0.25,8.3,3.950949253027682,1.0,0,4050000,0
4100000,curriculum,43,0,0,0,0,0.25,8.0,3.22490309931942,1.0,0,4100000,0
4150000,curriculum,43,0,0,0,0,0.25,10.5,3.8275318418009276,1.0,0,4150000,0
4200000,curriculum,43,0,0,0,0,0.25,10.1,3.0805843601498726,1.0,0,4200000,0
4250000,curriculum,43,0,0,0,0,0.25,10.3,3.2264531609803355,1.0,0,4250000,0
4300000,curriculum,43,0,0,0,0,0.25,8.6,2.973213749463701,1.0,0,4300000,0
4350000,curriculum,43,0,0,0,0,0.25,10.4,3.4409301068170506,1.0,0,4350000,0
4400000,curriculum,43,0,0,0,0,0.25,9.8,3.655133376499413,1.0,0,4400000,0
4450000,curriculum,43,0,0,0,0,0.25,11.9,2.7,1.0,0,4450000,0
4500000,curriculum,43,0,0,0,0,0.25,12.4,2.4979991993593593,1.0,0,4500000,0
4550000,curriculum,43,0,0,0,0,0.25,11.6,2.8000000000000003,1.0,0,4550000,0
4600000,curriculum,43,0,0,0,0,0.25,11.7,5.984145720150872,0.9,0,4600000,0
4650000,curriculum,43,0,0,0,0,0.25,9.4,2.90516780926679,1.0,0,4650000,0
4700000,curriculum,43,0,0,0,0,0.25,8.0,3.82099463490856,0.9,0,4700000,0
4750000,curriculum,43,0,0,0,0,0.25,10.8,5.546169849544819,0.9,0,4750000,0
4800000,curriculum,43,0,0,0,0,0.25,12.9,4.158124577258358,1.0,0,4800000,0
4850000,curriculum,43,0,0,0,0,0.25,12.6,3.5832945734337835,1.0,0,4850000,0
4900000,curriculum,43,0,0,0,0,0.25,12.4,5.2,0.9,0,4900000,0
4950000,curriculum,43,0,0,0,0,0.25,12.4,4.004996878900157,1.0,0,4950000,0
5000000,curriculum,43,0,0,0,0,0.25,11.1,3.080584360149872,1.0,0,5000000,0
5050000,curriculum,43,0,0,0,0,0.25,11.9,2.4269322199023193,1.0,0,5050000,0
5100000,curriculum,43,0,0,0,0,0.25,10.5,4.2485291572496005,1.0,0,5100000,0
5150000,curriculum,43,0,0,0,0,0.25,12.4,2.3748684174075834,1.0,0,5150000,0
5200000,curriculum,43,0,0,0,0,0.25,13.1,3.5623026261113755,1.0,0,5200000,0
5250000,curriculum,43,0,0,0,0,0.25,13.4,2.244994432064365,1.0,0,5250000,0
5300000,curriculum,43,0,0,0,0,0.25,10.8,3.655133376499413,1.0,0,5300000,0
5350000,curriculum,43,0,0,0,0,0.25,13.0,2.23606797749979,1.0,0,5350000,0
5400000,curriculum,43,0,0,0,0,0.25,12.5,1.6881943016134133,1.0,0,5400000,0
5450000,curriculum,43,0,0,0,0,0.25,13.4,2.65329983228432,1.0,0,5450000,0
5500000,curriculum,43,0,0,0,0,0.25,12.6,2.1540659228538015,1.0,0,5500000,0
5550000,curriculum,43,0,0,0,0,0.25,12.9,1.972308292331602,1.0,0,5550000,0
5600000,curriculum,43,0,0,0,0,0.25,13.9,1.9209372712298547,1.0,0,5600000,0
5650000,curriculum,43,0,0,0,0,0.25,11.3,1.9000000000000001,1.0,0,5650000,0
5700000,curriculum,43,0,0,0,0,0.25,13.9,2.211334438749598,1.0,0,5700000,0
5750000,curriculum,43,0,0,0,0,0.25,14.1,2.879236009777594,1.0,0,5750000,0
5800000,curriculum,43,0,0,0,0,0.25,12.0,2.6832815729997477,1.0,0,5800000,0
5850000,curriculum,43,0,0,0,0,0.25,15.4,2.4576411454889016,1.0,1,5850000,0
5900000,curriculum,43,0,0,0,0,0.25,15.7,2.570992026436488,1.0,1,5900000,0
5950000,curriculum,43,1,0,1,0,0.25,15.2,2.4413111231467406,1.0,1,50000,1
6000000,curriculum,43,1,0,1,0,0.25,11.6,4.2,1.0,0,100000,1
6050000,curriculum,43,1,0,1,0,0.25,15.8,2.521904042583698,1.0,1,150000,1
6100000,curriculum,43,1,0,1,0,0.25,15.5,2.9068883707497264,1.0,1,200000,1
6150000,curriculum,43,1,0,1,0,0.25,17.2,1.6613247725836147,1.0,1,250000,1
6200000,curriculum,43,1,0,1,0,0.25,14.5,2.7658633371878665,1.0,0,300000,1
6250000,curriculum,43,1,0,1,0,0.25,15.8,3.515679166249389,1.0,1,350000,1
6300000,curriculum,43,1,0,1,0,0.25,16.7,2.193171219946131,1.0,1,400000,1
6350000,curriculum,43,1,0,1,0,0.25,17.7,1.9000000000000001,1.0,1,450000,1
6400000,curriculum,43,1,0,1,0,0.25,15.4,2.1071307505705477,1.0,1,500000,1
6450000,curriculum,43,1,0,1,0,0.25,16.2,2.891366458960192,1.0,1,550000,1
6500000,curriculum,43,1,0,1,0,0.25,16.2,2.0880613017821097,1.0,1,600000,1
6550000,curriculum,43,1,0,1,0,0.25,18.1,1.6401219466856725,1.0,1,650000,1
6600000,curriculum,43,1,0,1,0,0.25,18.0,1.8439088914585775,1.0,1,700000,1
6650000,curriculum,43,1,0,1,0,0.25,14.7,2.3259406699226015,1.0,0,750000,1
6700000,curriculum,43,1,0,1,0,0.25,17.4,0.8,1.0,1,800000,1
6750000,curriculum,43,1,0,1,0,0.25,17.3,2.3259406699226015,1.0,1,850000,1
6800000,curriculum,43,1,0,1,0,0.25,17.2,2.0396078054371136,1.0,1,900000,1
6850000,curriculum,43,1,0,1,0,0.25,18.8,1.4696938456699067,1.0,1,950000,1
6900000,curriculum,43,1,0,1,0,0.25,17.4,3.4698703145794942,1.0,1,1000000,1
6950000,curriculum,43,2,0,2,0,0.25,-14.5,3.2939338184001206,0.0,0,50000,2
7000000,curriculum,43,2,0,2,0,0.25,-13.3,3.348133808556641,0.0,0,100000,2
7050000,curriculum,43,2,0,2,0,0.25,-8.5,8.697700845625814,0.3,0,150000,2
7100000,curriculum,43,2,0,2,0,0.25,-4.3,11.550324670761425,0.3,0,200000,2
7150000,curriculum,43,2,0,2,0,0.25,-10.0,3.63318042491699,0.0,0,250000,2
7200000,curriculum,43,2,0,2,0,0.25,-13.6,3.6110940170535577,0.0,0,300000,2
7250000,curriculum,43,2,0,2,0,0.25,-2.6,8.296987405076615,0.3,0,350000,2
7300000,curriculum,43,2,0,2,0,0.25,-5.3,6.783067152844648,0.3,0,400000,2
7350000,curriculum,43,2,0,2,0,0.25,-4.8,4.422668877499197,0.2,0,450000,2
7400000,curriculum,43,2,0,2,0,0.25,-7.2,5.929586832149438,0.1,0,500000,2
7450000,curriculum,43,2,0,2,0,0.25,4.4,6.575712889109438,0.7,0,550000,2
7500000,curriculum,43,2,0,2,0,0.25,-1.0,4.711687595755898,0.5,0,600000,2
7550000,curriculum,43,2,0,2,0,0.25,2.3,4.94064773081425,0.7,0,650000,2
7600000,curriculum,43,2,0,2,0,0.25,2.8,10.137060717979349,0.7,0,700000,2
7650000,curriculum,43,2,0,2,0,0.25,5.9,8.129575634681062,0.7,0,750000,2
7700000,curriculum,43,2,0,2,0,0.25,-5.9,3.6728735344413916,0.1,0,800000,2
7750000,curriculum,43,2,0,2,0,0.25,1.1,3.9862262855989496,0.7,0,850000,2
7800000,curriculum,43,2,0,2,0,0.25,6.2,7.277362159464101,0.9,0,900000,2
7850000,curriculum,43,2,0,2,0,0.25,7.5,6.070420084310475,0.9,0,950000,2
7900000,curriculum,43,2,0,2,0,0.25,5.4,11.065260954898442,0.7,0,1000000,2
7950000,curriculum,43,2,0,2,0,0.25,3.6,10.081666528902849,0.7,0,1050000,2
8000000,curriculum,43,2,0,2,0,0.25,13.5,6.103277807866851,1.0,0,1100000,2
8050000,curriculum,43,2,0,2,0,0.25,9.8,7.372923436466704,0.9,0,1150000,2
8100000,curriculum,43,2,0,2,0,0.25,11.6,2.9393876913398134,1.0,0,1200000,2
8150000,curriculum,43,2,0,2,0,0.25,8.2,4.975942121849892,1.0,0,1250000,2
8200000,curriculum,43,2,0,2,0,0.25,10.1,10.549407566304374,0.8,0,1300000,2
8250000,curriculum,43,2,0,2,0,0.25,11.9,5.838664230798,0.9,0,1350000,2
8300000,curriculum,43,2,0,2,0,0.25,12.6,2.8354893757515653,1.0,0,1400000,2
8350000,curriculum,43,2,0,2,0,0.25,8.7,5.441507144165117,0.9,0,1450000,2
8400000,curriculum,43,2,0,2,0,0.25,6.3,7.156116265125938,0.8,0,1500000,2
8450000,curriculum,43,2,0,2,0,0.25,10.6,5.71314274283428,0.9,0,1550000,2
8500000,curriculum,43,2,0,2,0,0.25,12.6,5.370288632839021,1.0,0,1600000,2
8550000,curriculum,43,2,0,2,0,0.25,0.8,8.657944328765346,0.6,0,1650000,2
8600000,curriculum,43,2,0,2,0,0.25,16.1,3.014962686336267,1.0,1,1700000,2
8650000,curriculum,43,2,0,2,0,0.25,14.7,4.648655719667784,1.0,0,1750000,2
8700000,curriculum,43,2,0,2,0,0.25,9.4,4.862098312457287,1.0,0,1800000,2
8750000,curriculum,43,2,0,2,0,0.25,11.9,4.3,1.0,0,1850000,2
8800000,curriculum,43,2,0,2,0,0.25,9.7,4.561797891182817,0.9,0,1900000,2
8850000,curriculum,43,2,0,2,0,0.25,10.5,7.762087348130012,0.9,0,1950000,2
8900000,curriculum,43,2,0,2,0,0.25,14.6,3.2,1.0,0,2000000,2
8950000,curriculum,43,2,0,2,0,0.25,11.3,5.586591089385369,1.0,0,2050000,2
9000000,curriculum,43,2,0,2,0,0.25,12.1,4.182104733265297,1.0,0,2100000,2
9050000,curriculum,43,2,0,2,0,0.25,13.1,5.664803615307418,0.9,0,2150000,2
9100000,curriculum,43,2,0,2,0,0.25,10.5,6.2809234989768825,0.9,0,2200000,2
9150000,curriculum,43,2,0,2,0,0.25,12.4,2.8000000000000003,1.0,0,2250000,2
9200000,curriculum,43,2,0,2,0,0.25,8.7,7.733692520394122,0.8,0,2300000,2
9250000,curriculum,43,2,0,2,0,0.25,12.3,3.0675723300355937,1.0,0,2350000,2
9300000,curriculum,43,2,0,2,0,0.25,9.7,5.916924876994806,0.9,0,2400000,2
9350000,curriculum,43,2,0,2,0,0.25,9.3,5.675385449465085,0.9,0,2450000,2
9400000,curriculum,43,2,0,2,0,0.25,13.5,4.904079934095692,1.0,0,2500000,2
9450000,curriculum,43,2,0,2,0,0.25,14.8,2.4413111231467406,1.0,0,2550000,2
9500000,curriculum,43,2,0,2,0,0.25,12.3,7.128113354878695,0.9,0,2600000,2
9550000,curriculum,43,2,0,2,0,0.25,8.9,4.570557952810575,1.0,0,2650000,2
9600000,curriculum,43,2,0,2,0,0.25,12.3,5.21632054229799,1.0,0,2700000,2
9650000,curriculum,43,2,0,2,0,0.25,10.8,9.26066952223218,0.9,0,2750000,2
9700000,curriculum,43,2,0,2,0,0.25,13.5,3.4713109915419564,1.0,0,2800000,2
9750000,curriculum,43,2,0,2,0,0.25,11.8,5.325410782277739,1.0,0,2850000,2
9800000,curriculum,43,2,0,2,0,0.25,14.6,2.9393876913398143,1.0,0,2900000,2
9850000,curriculum,43,2,0,2,0,0.25,12.2,4.237924020083418,1.0,0,2950000,2
9900000,curriculum,43,2,0,2,0,0.25,11.5,3.6945906403822333,1.0,0,3000000,2
9950000,curriculum,43,2,0,2,0,0.25,14.0,3.255764119219941,1.0,0,3050000,2
10000000,curriculum,43,2,0,2,0,0.25,9.3,8.74128137060008,0.8,0,3100000,2
10050000,curriculum,43,2,0,2,0,0.25,14.7,2.9342801502242417,1.0,0,3150000,2
10100000,curriculum,43,2,0,2,0,0.25,11.4,4.454211490264018,1.0,0,3200000,2
10150000,curriculum,43,2,0,2,0,0.25,12.7,2.0999999999999996,1.0,0,3250000,2
10200000,curriculum,43,2,0,2,0,0.25,14.9,2.947880594596735,1.0,0,3300000,2
10250000,curriculum,43,2,0,2,0,0.25,14.6,2.5377155080899043,1.0,0,3350000,2
10300000,curriculum,43,2,0,2,0,0.25,15.6,3.006659275674582,1.0,1,3400000,2
10350000,curriculum,43,2,0,2,0,0.25,13.2,2.9257477676655586,1.0,0,3450000,2
10400000,curriculum,43,2,0,2,0,0.25,16.4,2.1071307505705477,1.0,1,3500000,2
10450000,curriculum,43,2,0,2,0,0.25,13.6,3.4698703145794947,1.0,0,3550000,2
10500000,curriculum,43,2,0,2,0,0.25,15.0,3.255764119219941,1.0,1,3600000,2
10550000,curriculum,43,2,0,2,0,0.25,11.3,8.752713864853575,0.9,0,3650000,2
10600000,curriculum,43,2,0,2,0,0.25,14.3,6.277738446287803,0.9,0,3700000,2
10650000,curriculum,43,2,0,2,0,0.25,15.1,3.0805843601498726,1.0,1,3750000,2
10700000,curriculum,43,2,0,2,0,0.25,13.1,3.5902646142032486,1.0,0,3800000,2
10750000,curriculum,43,2,0,2,0,0.25,16.2,1.9390719429665317,1.0,1,3850000,2
10800000,curriculum,43,2,0,2,0,0.25,10.9,6.024118192731613,0.9,0,3900000,2
10850000,curriculum,43,2,0,2,0,0.25,16.3,2.368543856465402,1.0,1,3950000,2
10900000,curriculum,43,2,0,2,0,0.25,14.5,3.442382895611701,1.0,0,4000000,2
10950000,curriculum,43,2,0,2,0,0.25,9.7,7.912648102879339,0.9,0,4050000,2
11000000,curriculum,43,2,0,2,0,0.25,16.2,2.8213471959331766,1.0,1,4100000,2
11050000,curriculum,43,2,0,2,0,0.25,15.2,3.57211421989835,1.0,1,4150000,2
11100000,curriculum,43,3,50000,3,0,0.25,9.3,6.000833275471,0.9,0,50000,3
11150000,curriculum,43,3,100000,3,0,0.25,9.7,5.000999900019995,1.0,0,100000,3
11200000,curriculum,43,3,150000,3,0,0.25,13.9,4.036087214122113,1.0,0,150000,3
11250000,curriculum,43,3,200000,3,0,0.25,13.6,4.476605857119878,1.0,0,200000,3
11300000,curriculum,43,3,250000,3,0,0.25,14.0,4.669047011971501,1.0,0,250000,3
11350000,curriculum,43,3,300000,3,0,0.25,14.4,4.386342439892262,1.0,0,300000,3
11400000,curriculum,43,3,350000,3,0,0.25,14.1,4.205948168962618,1.0,0,350000,3
11450000,curriculum,43,3,400000,3,0,0.25,16.0,2.8284271247461903,1.0,1,400000,3
11500000,curriculum,43,3,450000,3,0,0.25,13.6,3.006659275674582,1.0,0,450000,3
11550000,curriculum,43,3,500000,3,0,0.25,14.6,2.5768197453450252,1.0,0,500000,3
11600000,curriculum,43,3,550000,3,0,0.25,17.0,2.7202941017470885,1.0,1,550000,3
11650000,curriculum,43,3,600000,3,0,0.25,18.2,1.5362291495737217,1.0,1,600000,3
11700000,curriculum,43,3,650000,3,0,0.25,18.1,2.947880594596735,1.0,1,650000,3
11750000,curriculum,43,3,700000,3,0,0.25,17.5,1.746424919657298,1.0,1,700000,3
11800000,curriculum,43,3,750000,3,0,0.25,19.2,1.2489995996796797,1.0,1,750000,3
11850000,curriculum,43,3,800000,3,0,0.25,16.7,2.5709920264364885,1.0,1,800000,3
11900000,curriculum,43,3,850000,3,0,0.25,13.0,4.449719092257398,1.0,0,850000,3
11950000,curriculum,43,3,900000,3,0,0.25,13.3,4.450842616853578,1.0,0,900000,3
12000000,curriculum,43,3,950000,3,0,0.25,16.9,3.935733730830885,1.0,1,950000,3
12050000,curriculum,43,3,1000000,3,0,0.25,15.7,4.796873982084582,1.0,1,1000000,3
12100000,curriculum,43,3,1050000,3,0,0.25,14.9,4.678675026115834,1.0,0,1050000,3
12150000,curriculum,43,3,1100000,3,0,0.25,16.7,2.9342801502242417,1.0,1,1100000,3
12200000,curriculum,43,3,1150000,3,0,0.25,18.0,2.04939015319192,1.0,1,1150000,3
12250000,curriculum,43,3,1200000,3,0,0.25,16.1,3.6180105030251086,1.0,1,1200000,3
12300000,curriculum,43,3,1250000,3,0,0.25,16.8,2.4819347291981715,1.0,1,1250000,3
12350000,curriculum,43,3,1300000,3,0,0.25,17.6,2.009975124224178,1.0,1,1300000,3
12400000,curriculum,43,3,1350000,3,0,0.25,18.6,1.2806248474865698,1.0,1,1350000,3
12450000,curriculum,43,3,1400000,3,0,0.25,19.1,1.8138357147217055,1.0,1,1400000,3
12500000,curriculum,43,3,1450000,3,0,0.25,17.4,1.8,1.0,1,1450000,3
12550000,curriculum,43,3,1500000,3,0,0.25,16.4,4.1036569057366385,1.0,1,1500000,3
12600000,curriculum,43,3,1550000,3,0,0.25,15.4,2.6907248094147422,1.0,1,1550000,3
12650000,curriculum,43,3,1600000,3,0,0.25,14.2,5.546169849544819,1.0,0,1600000,3
12700000,curriculum,43,3,1650000,3,0,0.25,17.8,1.4,1.0,1,1650000,3
12750000,curriculum,43,3,1700000,3,0,0.25,17.9,3.2078029864690882,1.0,1,1700000,3
12800000,curriculum,43,3,1750000,3,0,0.25,16.3,2.325940669922601,1.0,1,1750000,3
12850000,curriculum,43,3,1800000,3,0,0.25,17.1,2.5475478405713994,1.0,1,1800000,3
12900000,curriculum,43,3,1850000,3,0,0.25,18.3,2.4919871588754225,1.0,1,1850000,3
12950000,curriculum,43,3,1900000,3,0,0.25,15.7,3.9255572852781047,1.0,1,1900000,3
13000000,curriculum,43,3,1950000,3,0,0.25,16.6,4.054626986542659,1.0,1,1950000,3
13050000,curriculum,43,3,2000000,3,0,0.25,17.5,2.80178514522438,1.0,1,2000000,3
13100000,curriculum,43,3,2050000,3,0,0.25,18.6,1.3564659966250538,1.0,1,2050000,3
13150000,curriculum,43,3,2100000,3,0,0.25,17.7,2.0024984394500787,1.0,1,2100000,3
13200000,curriculum,43,3,2150000,3,0,0.25,17.3,3.2572994949804666,1.0,1,2150000,3
13250000,curriculum,43,3,2200000,3,0,0.25,18.5,1.5652475842498528,1.0,1,2200000,3
13300000,curriculum,43,3,2250000,3,0,0.25,16.1,3.3301651610693432,1.0,1,2250000,3
13350000,curriculum,43,3,2300000,3,0,0.25,17.4,1.8547236990991407,1.0,1,2300000,3
13400000,curriculum,43,3,2350000,3,0,0.25,17.9,1.374772708486752,1.0,1,2350000,3
13450000,curriculum,43,3,2400000,3,0,0.25,15.3,2.72213151776324,1.0,1,2400000,3
13500000,curriculum,43,3,2450000,3,0,0.25,16.7,2.3259406699226015,1.0,1,2450000,3
13550000,curriculum,43,3,2500000,3,0,0.25,16.9,2.1656407827707715,1.0,1,2500000,3
13600000,curriculum,43,3,2550000,3,0,0.25,17.1,1.8138357147217052,1.0,1,2550000,3
13650000,curriculum,43,3,2600000,3,0,0.25,18.1,1.8681541692269403,1.0,1,2600000,3
13700000,curriculum,43,3,2650000,3,0,0.25,19.5,1.5,1.0,1,2650000,3
13750000,curriculum,43,3,2700000,3,0,0.25,15.9,2.808914381037628,1.0,1,2700000,3
13800000,curriculum,43,3,2750000,3,0,0.25,17.7,1.9000000000000001,1.0,1,2750000,3
13850000,curriculum,43,3,2800000,3,0,0.25,17.7,2.4103941586387903,1.0,1,2800000,3
13900000,curriculum,43,3,2850000,3,0,0.25,17.8,2.5612496949731396,1.0,1,2850000,3
13950000,curriculum,43,3,2900000,3,0,0.25,18.6,2.3323807579381204,1.0,1,2900000,3
14000000,curriculum,43,3,2950000,3,0,0.25,17.1,1.57797338380595,1.0,1,2950000,3
14050000,curriculum,43,3,3000000,3,0,0.25,16.8,1.6613247725836147,1.0,1,3000000,3
14100000,curriculum,43,3,3050000,3,0,0.25,18.5,1.6881943016134133,1.0,1,3050000,3
14150000,curriculum,43,3,3100000,3,0,0.25,17.4,2.615339366124404,1.0,1,3100000,3
14200000,curriculum,43,3,3150000,3,0,0.25,18.4,2.2,1.0,1,3150000,3
14250000,curriculum,43,3,3200000,3,0,0.25,18.8,1.661324772583615,1.0,1,3200000,3
14300000,curriculum,43,3,3250000,3,0,0.25,17.3,2.9,1.0,1,3250000,3
14350000,curriculum,43,3,3300000,3,0,0.25,17.6,1.7435595774162693,1.0,1,3300000,3
14400000,curriculum,43,3,3350000,3,0,0.25,16.8,3.944616584663204,1.0,1,3350000,3
14450000,curriculum,43,3,3400000,3,0,0.25,16.3,3.950949253027682,1.0,1,3400000,3
14500000,curriculum,43,3,3450000,3,0,0.25,13.8,5.99666574022598,0.9,0,3450000,3
14550000,curriculum,43,3,3500000,3,0,0.25,13.0,4.732863826479693,1.0,0,3500000,3
14600000,curriculum,43,3,3550000,3,0,0.25,15.8,3.919183588453085,1.0,1,3550000,3
14650000,curriculum,43,3,3600000,3,0,0.25,17.4,2.727636339397171,1.0,1,3600000,3
14700000,curriculum,43,3,3650000,3,0,0.25,18.1,1.7578395831246945,1.0,1,3650000,3
14750000,curriculum,43,3,3700000,3,0,0.25,16.0,3.0,1.0,1,3700000,3
14800000,curriculum,43,3,3750000,3,0,0.25,17.2,2.749545416973504,1.0,1,3750000,3
14850000,curriculum,43,3,3800000,3,0,0.25,17.8,3.6,1.0,1,3800000,3
14900000,curriculum,43,3,3850000,3,0,0.25,16.4,3.6386810797320503,1.0,1,3850000,3
14950000,curriculum,43,3,3900000,3,0,0.25,18.7,1.9519221295943134,1.0,1,3900000,3
15000000,curriculum,43,3,3950000,3,0,0.25,18.0,2.04939015319192,1.0,1,3950000,3
15050000,curriculum,43,3,4000000,3,0,0.25,18.5,2.4596747752497685,1.0,1,4000000,3
15100000,curriculum,43,3,4050000,3,0,0.25,18.5,2.247220505424423,1.0,1,4050000,3
15150000,curriculum,43,3,4100000,3,0,0.25,18.0,1.2649110640673518,1.0,1,4100000,3
15200000,curriculum,43,3,4150000,3,0,0.25,18.2,2.6758176320519302,1.0,1,4150000,3
15250000,curriculum,43,3,4200000,3,0,0.25,18.0,1.3416407864998738,1.0,1,4200000,3
15300000,curriculum,43,3,4250000,3,0,0.25,16.9,3.477067730142742,1.0,1,4250000,3
15350000,curriculum,43,3,4300000,3,0,0.25,18.1,2.211334438749598,1.0,1,4300000,3
15400000,curriculum,43,3,4350000,3,0,0.25,17.3,3.001666203960727,1.0,1,4350000,3
15450000,curriculum,43,3,4400000,3,0,0.25,16.1,3.419064199455752,1.0,1,4400000,3
15500000,curriculum,43,3,4450000,3,0,0.25,16.1,2.5475478405713994,1.0,1,4450000,3
15550000,curriculum,43,3,4500000,3,0,0.25,17.0,2.1447610589527217,1.0,1,4500000,3
15600000,curriculum,43,3,4550000,3,0,0.25,15.1,2.7,1.0,1,4550000,3
15650000,curriculum,43,3,4600000,3,0,0.25,17.5,3.263433774416144,1.0,1,4600000,3
15700000,curriculum,43,3,4650000,3,0,0.25,17.3,2.72213151776324,1.0,1,4650000,3
15750000,curriculum,43,3,4700000,3,0,0.25,19.1,1.1357816691600546,1.0,1,4700000,3
15800000,curriculum,43,3,4750000,3,0,0.25,18.1,1.3,1.0,1,4750000,3
15850000,curriculum,43,3,4800000,3,0,0.25,15.6,3.2,1.0,1,4800000,3
15900000,curriculum,43,3,4850000,3,0,0.25,15.1,4.887739763939974,1.0,1,4850000,3
15950000,curriculum,43,3,4900000,3,0,0.25,17.9,2.0223748416156684,1.0,1,4900000,3
16000000,curriculum,43,3,4950000,3,0,0.25,17.2,2.227105745132009,1.0,1,4950000,3
16050000,curriculum,43,3,5000000,3,0,0.25,17.0,3.0983866769659336,1.0,1,5000000,3
16100000,curriculum,43,3,5050000,3,0,0.25,15.8,1.9899748742132397,1.0,1,5050000,3
16150000,curriculum,43,3,5100000,3,0,0.25,16.5,1.8027756377319946,1.0,1,5100000,3
16200000,curriculum,43,3,5150000,3,0,0.25,16.0,3.605551275463989,1.0,1,5150000,3
16250000,curriculum,43,3,5200000,3,0,0.25,15.3,3.9,1.0,1,5200000,3
16300000,curriculum,43,3,5250000,3,0,0.25,19.1,1.5132745950421558,1.0,1,5250000,3
16350000,curriculum,43,3,5300000,3,0,0.25,17.7,2.72213151776324,1.0,1,5300000,3
16400000,curriculum,43,3,5350000,3,0,0.25,17.7,2.3259406699226015,1.0,1,5350000,3
16450000,curriculum,43,3,5400000,3,0,0.25,16.1,2.5865034312755126,1.0,1,5400000,3
16500000,curriculum,43,3,5450000,3,0,0.25,17.4,2.615339366124404,1.0,1,5450000,3
16550000,curriculum,43,3,5500000,3,0,0.25,18.1,3.1128764832546763,1.0,1,5500000,3
16600000,curriculum,43,3,5550000,3,0,0.25,16.8,3.9698866482558417,1.0,1,5550000,3
16650000,curriculum,43,3,5600000,3,0,0.25,17.9,2.211334438749598,1.0,1,5600000,3
16700000,curriculum,43,3,5650000,3,0,0.25,15.8,4.354308211415448,1.0,1,5650000,3
16750000,curriculum,43,3,5700000,3,0,0.25,17.5,1.6881943016134133,1.0,1,5700000,3
16800000,curriculum,43,3,5750000,3,0,0.25,17.7,2.2825424421026654,1.0,1,5750000,3
16850000,curriculum,43,3,5800000,3,0,0.25,17.8,1.8330302779823362,1.0,1,5800000,3
16900000,curriculum,43,3,5850000,3,0,0.25,17.2,2.3579652245103193,1.0,1,5850000,3
16950000,curriculum,43,3,5900000,3,0,0.25,16.8,2.521904042583698,1.0,1,5900000,3
17000000,curriculum,43,3,5950000,3,0,0.25,17.8,2.5219040425836985,1.0,1,5950000,3
17050000,curriculum,43,3,6000000,3,0,0.25,18.0,2.7202941017470885,1.0,1,6000000,3
17100000,curriculum,43,3,6050000,3,0,0.25,16.9,2.6627053911388696,1.0,1,6050000,3
17150000,curriculum,43,3,6100000,3,0,0.25,17.9,1.6401219466856727,1.0,1,6100000,3
17200000,curriculum,43,3,6150000,3,0,0.25,17.7,3.2878564445547194,1.0,1,6150000,3
17250000,curriculum,43,3,6200000,3,0,0.25,15.8,5.30659966456864,1.0,1,6200000,3
17300000,curriculum,43,3,6250000,3,0,0.25,16.5,4.104875150354759,1.0,1,6250000,3
17350000,curriculum,43,3,6300000,3,0,0.25,17.7,1.5524174696260022,1.0,1,6300000,3
17400000,curriculum,43,3,6350000,3,0,0.25,19.0,1.0954451150103321,1.0,1,6350000,3
17450000,curriculum,43,3,6400000,3,0,0.25,17.5,2.539685019840059,1.0,1,6400000,3
17500000,curriculum,43,3,6450000,3,0,0.25,18.4,1.9595917942265424,1.0,1,6450000,3
17550000,curriculum,43,3,6500000,3,0,0.25,17.9,1.9209372712298545,1.0,1,6500000,3
17600000,curriculum,43,3,6550000,3,0,0.25,18.1,2.5475478405713994,1.0,1,6550000,3
17650000,curriculum,43,3,6600000,3,0,0.25,18.2,1.98997487421324,1.0,1,6600000,3
17700000,curriculum,43,3,6650000,3,0,0.25,17.3,2.5317977802344322,1.0,1,6650000,3
17750000,curriculum,43,3,6700000,3,0,0.25,17.8,2.181742422927143,1.0,1,6700000,3
17800000,curriculum,43,3,6750000,3,0,0.25,17.8,1.469693845669907,1.0,1,6750000,3
17850000,curriculum,43,3,6800000,3,0,0.25,17.6,2.4166091947189146,1.0,1,6800000,3
17900000,curriculum,43,3,6850000,3,0,0.25,16.6,3.0397368307141326,1.0,1,6850000,3
17950000,curriculum,43,3,6900000,3,0,0.25,14.6,2.6153393661244038,1.0,0,6900000,3
18000000,curriculum,43,3,6950000,3,0,0.25,16.4,2.1540659228538015,1.0,1,6950000,3
18050000,curriculum,43,3,7000000,3,0,0.25,17.7,1.7916472867168918,1.0,1,7000000,3
18100000,curriculum,43,3,7050000,3,0,0.25,17.2,2.821347195933177,1.0,1,7050000,3
18150000,curriculum,43,3,7100000,3,0,0.25,17.7,2.1,1.0,1,7100000,3
18200000,curriculum,43,3,7150000,3,0,0.25,18.0,1.4142135623730951,1.0,1,7150000,3
18250000,curriculum,43,3,7200000,3,0,0.25,16.2,2.3151673805580453,1.0,1,7200000,3
18300000,curriculum,43,3,7250000,3,0,0.25,16.7,3.1,1.0,1,7250000,3
18350000,curriculum,43,3,7300000,3,0,0.25,18.6,1.2806248474865698,1.0,1,7300000,3
18400000,curriculum,43,3,7350000,3,0,0.25,17.7,1.1874342087037917,1.0,1,7350000,3
18450000,curriculum,43,3,7400000,3,0,0.25,16.2,2.039607805437114,1.0,1,7400000,3
18500000,curriculum,43,3,7450000,3,0,0.25,18.4,1.9078784028338913,1.0,1,7450000,3
18550000,curriculum,43,3,7500000,3,0,0.25,18.3,1.1874342087037917,1.0,1,7500000,3
18600000,curriculum,43,3,7550000,3,0,0.25,18.5,2.9068883707497264,1.0,1,7550000,3
18650000,curriculum,43,3,7600000,3,0,0.25,18.5,2.247220505424423,1.0,1,7600000,3
18700000,curriculum,43,3,7650000,3,0,0.25,17.1,2.7730849247724096,1.0,1,7650000,3
18750000,curriculum,43,3,7700000,3,0,0.25,15.8,6.720119046564577,0.9,1,7700000,3
18800000,curriculum,43,3,7750000,3,0,0.25,16.6,2.8354893757515653,1.0,1,7750000,3
18850000,curriculum,43,3,7800000,3,0,0.25,19.1,1.5779733838059502,1.0,1,7800000,3
18900000,curriculum,43,3,7850000,3,0,0.25,18.6,1.6852299546352718,1.0,1,7850000,3
18950000,curriculum,43,3,7900000,3,0,0.25,15.8,3.6551333764994136,1.0,1,7900000,3
19000000,curriculum,43,3,7950000,3,0,0.25,15.8,3.340658617698013,1.0,1,7950000,3
19050000,curriculum,43,3,8000000,3,0,0.25,15.9,4.109744517606904,1.0,1,8000000,3
19100000,curriculum,43,3,8050000,3,0,0.25,18.4,1.9078784028338913,1.0,1,8050000,3
19150000,curriculum,43,3,8100000,3,0,0.25,17.9,1.972308292331602,1.0,1,8100000,3
19200000,curriculum,43,3,8150000,3,0,0.25,17.0,3.3466401061363023,1.0,1,8150000,3
19250000,curriculum,43,3,8200000,3,0,0.25,17.0,2.0,1.0,1,8200000,3
19300000,curriculum,43,3,8250000,3,0,0.25,17.4,2.6532998322843198,1.0,1,8250000,3
19350000,curriculum,43,3,8300000,3,0,0.25,16.7,3.348133808556641,1.0,1,8300000,3
19400000,curriculum,43,3,8350000,3,0,0.25,18.2,1.4696938456699067,1.0,1,8350000,3
19450000,curriculum,43,3,8400000,3,0,0.25,18.4,2.1540659228538015,1.0,1,8400000,3
19500000,curriculum,43,3,8450000,3,0,0.25,17.5,2.0615528128088303,1.0,1,8450000,3
19550000,curriculum,43,3,8500000,3,0,0.25,18.3,2.282542442102666,1.0,1,8500000,3
19600000,curriculum,43,3,8550000,3,0,0.25,17.1,2.7,1.0,1,8550000,3
19650000,curriculum,43,3,8600000,3,0,0.25,18.1,2.736786436680802,1.0,1,8600000,3
19700000,curriculum,43,3,8650000,3,0,0.25,18.2,2.2271057451320084,1.0,1,8650000,3
19750000,curriculum,43,3,8700000,3,0,0.25,18.0,2.932575659723036,1.0,1,8700000,3
19800000,curriculum,43,3,8750000,3,0,0.25,17.0,3.63318042491699,1.0,1,8750000,3
19850000,curriculum,43,3,8800000,3,0,0.25,16.7,3.7429934544425802,1.0,1,8800000,3
19900000,curriculum,43,3,8850000,3,0,0.25,18.2,1.98997487421324,1.0,1,8850000,3
19950000,curriculum,43,3,8900000,3,0,0.25,16.2,3.1874754901018454,1.0,1,8900000,3
20000000,curriculum,43,3,8950000,3,0,0.25,19.0,1.8439088914585775,1.0,1,8950000,3
20050000,curriculum,43,3,9000000,3,0,0.25,19.6,1.6852299546352716,1.0,1,9000000,3
20100000,curriculum,43,3,9050000,3,0,0.25,16.6,2.3748684174075834,1.0,1,9050000,3
20150000,curriculum,43,3,9100000,3,0,0.25,18.2,4.190465367951393,1.0,1,9100000,3
20200000,curriculum,43,3,9150000,3,0,0.25,16.9,2.9137604568666933,1.0,1,9150000,3
20250000,curriculum,43,3,9200000,3,0,0.25,18.4,2.6907248094147422,1.0,1,9200000,3
20300000,curriculum,43,3,9250000,3,0,0.25,18.6,1.8547236990991407,1.0,1,9250000,3
20350000,curriculum,43,3,9300000,3,0,0.25,18.8,1.5362291495737217,1.0,1,9300000,3
20400000,curriculum,43,3,9350000,3,0,0.25,17.8,2.9597297173897483,1.0,1,9350000,3
20450000,curriculum,43,3,9400000,3,0,0.25,19.0,1.9493588689617927,1.0,1,9400000,3
20500000,curriculum,43,3,9450000,3,0,0.25,18.4,1.7435595774162693,1.0,1,9450000,3
20550000,curriculum,43,3,9500000,3,0,0.25,16.0,5.403702434442518,1.0,1,9500000,3
20600000,curriculum,43,3,9550000,3,0,0.25,16.2,5.035871324805669,1.0,1,9550000,3
20650000,curriculum,43,3,9600000,3,0,0.25,19.3,2.325940669922601,1.0,1,9600000,3
20700000,curriculum,43,3,9650000,3,0,0.25,16.7,2.4103941586387903,1.0,1,9650000,3
20750000,curriculum,43,3,9700000,3,0,0.25,17.9,1.57797338380595,1.0,1,9700000,3
20800000,curriculum,43,3,9750000,3,0,0.25,17.2,2.785677655436824,1.0,1,9750000,3
20850000,curriculum,43,3,9800000,3,0,0.25,15.6,4.737087712930805,1.0,1,9800000,3
20900000,curriculum,43,3,9850000,3,0,0.25,17.6,4.054626986542659,1.0,1,9850000,3
20950000,curriculum,43,3,9900000,3,0,0.25,18.0,2.3664319132398464,1.0,1,9900000,3
21000000,curriculum,43,3,9950000,3,0,0.25,17.1,2.9137604568666933,1.0,1,9950000,3
21050000,curriculum,43,3,10000000,3,0,0.25,18.4,2.8,1.0,1,10000000,3
21100000,curriculum,43,3,10050000,3,0,0.25,19.4,2.416609194718914,1.0,1,10050000,3
21150000,curriculum,43,3,10100000,3,0,0.25,18.3,2.282542442102666,1.0,1,10100000,3
21200000,curriculum,43,3,10150000,3,0,0.25,18.0,1.7320508075688772,1.0,1,10150000,3
21250000,curriculum,43,3,10200000,3,0,0.25,18.5,2.1563858652847827,1.0,1,10200000,3
21300000,curriculum,43,3,10250000,3,0,0.25,18.8,2.4413111231467406,1.0,1,10250000,3
21350000,curriculum,43,3,10300000,3,0,0.25,19.8,1.2489995996796797,1.0,1,10300000,3
21400000,curriculum,43,3,10350000,3,0,0.25,17.1,3.645545226711637,1.0,1,10350000,3
21450000,curriculum,43,3,10400000,3,0,0.25,16.7,2.9,1.0,1,10400000,3
21500000,curriculum,43,3,10450000,3,0,0.25,17.0,3.3466401061363023,1.0,1,10450000,3
21550000,curriculum,43,3,10500000,3,0,0.25,20.0,1.0954451150103321,1.0,1,10500000,3
21600000,curriculum,43,3,10550000,3,0,0.25,17.6,2.0591260281974,1.0,1,10550000,3
21650000,curriculum,43,3,10600000,3,0,0.25,20.0,1.5491933384829668,1.0,1,10600000,3
21700000,curriculum,43,3,10650000,3,0,0.25,19.3,2.451530134426253,1.0,1,10650000,3
21750000,curriculum,43,3,10700000,3,0,0.25,16.3,3.8483762809787714,1.0,1,10700000,3
21800000,curriculum,43,3,10750000,3,0,0.25,16.5,2.247220505424423,1.0,1,10750000,3
21850000,curriculum,43,3,10800000,3,0,0.25,17.1,2.7,1.0,1,10800000,3
21900000,curriculum,43,3,10850000,3,0,0.25,18.2,2.0880613017821097,1.0,1,10850000,3
21950000,curriculum,43,3,10900000,3,0,0.25,17.5,1.746424919657298,1.0,1,10900000,3
22000000,curriculum,43,3,10950000,3,0,0.25,19.1,1.9209372712298547,1.0,1,10950000,3
22050000,curriculum,43,3,11000000,3,0,0.25,19.5,1.6881943016134133,1.0,1,11000000,3
22100000,curriculum,43,3,11050000,3,0,0.25,18.3,3.8742741255621036,1.0,1,11050000,3
22150000,curriculum,43,3,11100000,3,0,0.25,20.4,1.0198039027185568,1.0,1,11100000,3
22200000,curriculum,43,3,11150000,3,0,0.25,18.2,2.9597297173897488,1.0,1,11150000,3
22250000,curriculum,43,3,11200000,3,0,0.25,16.3,4.075536774462966,1.0,1,11200000,3
22300000,curriculum,43,3,11250000,3,0,0.25,16.2,3.682390527904394,1.0,1,11250000,3
22350000,curriculum,43,3,11300000,3,0,0.25,18.4,4.2708313008125245,1.0,1,11300000,3
22400000,curriculum,43,3,11350000,3,0,0.25,17.4,3.4409301068170506,1.0,1,11350000,3
22450000,curriculum,43,3,11400000,3,0,0.25,15.1,4.253234063627348,1.0,1,11400000,3
22500000,curriculum,43,3,11450000,3,0,0.25,18.8,1.2489995996796797,1.0,1,11450000,3
22550000,curriculum,43,3,11500000,3,0,0.25,16.6,3.104834939252004,1.0,1,11500000,3
22600000,curriculum,43,3,11550000,3,0,0.25,18.4,2.0591260281974,1.0,1,11550000,3
22650000,curriculum,43,3,11600000,3,0,0.25,17.4,2.8000000000000003,1.0,1,11600000,3
22700000,curriculum,43,3,11650000,3,0,0.25,16.2,3.124099870362662,1.0,1,11650000,3
22750000,curriculum,43,3,11700000,3,0,0.25,17.6,3.6386810797320503,1.0,1,11700000,3
22800000,curriculum,43,3,11750000,3,0,0.25,18.1,2.2561028345356955,1.0,1,11750000,3
22850000,curriculum,43,3,11800000,3,0,0.25,16.8,4.4,1.0,1,11800000,3
22900000,curriculum,43,3,11850000,3,0,0.25,16.2,2.5612496949731396,1.0,1,11850000,3
22950000,curriculum,43,3,11900000,3,0,0.25,16.2,2.2271057451320084,1.0,1,11900000,3
23000000,curriculum,43,3,11950000,3,0,0.25,17.9,3.590264614203248,1.0,1,11950000,3
23050000,curriculum,43,3,12000000,3,0,0.25,18.8,2.7129319932501073,1.0,1,12000000,3
23100000,curriculum,43,3,12050000,3,0,0.25,18.1,2.118962010041709,1.0,1,12050000,3
23150000,curriculum,43,3,12100000,3,0,0.25,17.4,1.2806248474865698,1.0,1,12100000,3
23200000,curriculum,43,3,12150000,3,0,0.25,18.8,1.98997487421324,1.0,1,12150000,3
23250000,curriculum,43,3,12200000,3,0,0.25,15.5,4.5661800227323495,1.0,1,12200000,3
23300000,curriculum,43,3,12250000,3,0,0.25,18.6,3.7202150475476548,1.0,1,12250000,3
23350000,curriculum,43,3,12300000,3,0,0.25,17.3,3.0675723300355937,1.0,1,12300000,3
23400000,curriculum,43,3,12350000,3,0,0.25,18.8,2.481934729198171,1.0,1,12350000,3
23450000,curriculum,43,3,12400000,3,0,0.25,17.9,2.3430749027719964,1.0,1,12400000,3
23500000,curriculum,43,3,12450000,3,0,0.25,19.3,1.9519221295943134,1.0,1,12450000,3
23550000,curriculum,43,3,12500000,3,0,0.25,18.5,1.9621416870348585,1.0,1,12500000,3
23600000,curriculum,43,3,12550000,3,0,0.25,18.3,2.193171219946131,1.0,1,12550000,3
23650000,curriculum,43,3,12600000,3,0,0.25,17.7,2.2825424421026654,1.0,1,12600000,3
23700000,curriculum,43,3,12650000,3,0,0.25,17.9,3.3000000000000003,1.0,1,12650000,3
23750000,curriculum,43,3,12700000,3,0,0.25,18.4,1.6852299546352718,1.0,1,12700000,3
23800000,curriculum,43,3,12750000,3,0,0.25,16.9,2.8792360097775944,1.0,1,12750000,3
23850000,curriculum,43,3,12800000,3,0,0.25,17.3,3.2572994949804666,1.0,1,12800000,3
23900000,curriculum,43,3,12850000,3,0,0.25,18.1,3.448187929913334,1.0,1,12850000,3
23950000,curriculum,43,3,12900000,3,0,0.25,18.2,1.8867962264113207,1.0,1,12900000,3
24000000,curriculum,43,3,12950000,3,0,0.25,17.8,4.308131845707604,1.0,1,12950000,3
24050000,curriculum,43,3,13000000,3,0,0.25,16.2,3.7894590642992836,1.0,1,13000000,3
24100000,curriculum,43,3,13050000,3,0,0.25,16.7,3.769615364994153,1.0,1,13050000,3
24150000,curriculum,43,3,13100000,3,0,0.25,18.4,2.2891046284519194,1.0,1,13100000,3
24200000,curriculum,43,3,13150000,3,0,0.25,18.4,2.244994432064365,1.0,1,13150000,3
24250000,curriculum,43,3,13200000,3,0,0.25,16.9,2.5475478405713994,1.0,1,13200000,3
24300000,curriculum,43,3,13250000,3,0,0.25,18.6,1.4966629547095767,1.0,1,13250000,3
24350000,curriculum,43,3,13300000,3,0,0.25,19.7,1.8466185312619388,1.0,1,13300000,3
24400000,curriculum,43,3,13350000,3,0,0.25,17.3,1.9000000000000001,1.0,1,13350000,3
24450000,curriculum,43,3,13400000,3,0,0.25,17.9,2.947880594596735,1.0,1,13400000,3
24500000,curriculum,43,3,13450000,3,0,0.25,18.2,2.2271057451320084,1.0,1,13450000,3
24550000,curriculum,43,3,13500000,3,0,0.25,17.3,3.4942810419312296,1.0,1,13500000,3
24600000,curriculum,43,3,13550000,3,0,0.25,15.7,3.4365680554879163,1.0,1,13550000,3
24650000,curriculum,43,3,13600000,3,0,0.25,15.1,3.961060464067672,1.0,1,13600000,3
24700000,curriculum,43,3,13650000,3,0,0.25,18.5,3.0083217912982647,1.0,1,13650000,3
24750000,curriculum,43,3,13700000,3,0,0.25,18.3,2.570992026436488,1.0,1,13700000,3
24800000,curriculum,43,3,13750000,3,0,0.25,17.1,2.8089143810376282,1.0,1,13750000,3
24850000,curriculum,43,3,13800000,3,0,0.25,17.9,2.947880594596735,1.0,1,13800000,3
24900000,curriculum,43,3,13850000,3,0,0.25,16.8,3.4583232931581165,1.0,1,13850000,3
24950000,curriculum,43,3,13900000,3,0,0.25,15.0,4.711687595755898,1.0,1,13900000,3
25000000,curriculum,43,3,13950000,3,0,0.25,17.0,3.924283374069717,1.0,1,13950000,3
